Weather forecast in,Bamba,for,2020-05-18
There is no rainfall,expected
There is no rainfall,expected
There is no rainfall,expected
There is no rainfall,expected
There is no rainfall,expected
There is no rainfall,expected
the expected temperature is,25.3,celsius
the expected windstrength is,0.98,kilometers
Prévisions météo dans,Bamba,pour,2020-05-18
Il n'y a pas de précipitations,attendues
Il n'y a pas de précipitations,attendues
Il n'y a pas de précipitations,attendues
Il n'y a pas de précipitations,attendues
Il n'y a pas de précipitations,attendues
Il n'y a pas de précipitations,attendues
la température attendue est,25.3,celsius
la force du vent attendue est,0.98,kilometers
